<application>
  <component name="GitRememberedInputs">
    <option name="visitedUrls">
      <list>
        <UrlAndUserName>
          <option name="url" value="http://gitlab.coupang.net" />
          <option name="userName" value="joke" />
        </UrlAndUserName>
        <UrlAndUserName>
          <option name="url" value="https://github.com/joke111/algospot.git" />
          <option name="userName" value="" />
        </UrlAndUserName>
      </list>
    </option>
    <option name="cloneParentDir" value="$USER_HOME$/Repository/github" />
  </component>
</application>