<application>
  <component name="DatabaseSettings">
    <option name="page-size" value="0" />
    <text-mode>
      <parameter-patterns>
        <parameter-pattern value="?\d+" />
        <parameter-pattern value=":(\w+)" />
        <parameter-pattern value="%\w+" scope="JAVA" />
        <parameter-pattern value="$\{[^$\{\}]*\}" />
        <parameter-pattern value="$\w+$" />
        <parameter-pattern value="#(\w+)#" scope="XML" />
      </parameter-patterns>
    </text-mode>
    <csv-formats>
      <csv-format name="Tab Separated Values (TSV)">
        <data>
          <record-format prefix="" suffix="" nullText="" quotationPolicy="as needed" valueSeparator="&#9;" recordSeparator="&#10;">
            <quotation>
              <quotes left="&quot;" right="&quot;" leftEscaped="&quot;&quot;" rightEscaped="&quot;&quot;" />
              <quotes left="'" right="'" leftEscaped="''" rightEscaped="''" />
            </quotation>
          </record-format>
        </data>
      </csv-format>
      <csv-format name="Comma Separated Values (CSV)">
        <data>
          <record-format prefix="" suffix="" nullText="" quotationPolicy="as needed" valueSeparator="," recordSeparator="&#10;">
            <quotation>
              <quotes left="&quot;" right="&quot;" leftEscaped="&quot;&quot;" rightEscaped="&quot;&quot;" />
              <quotes left="'" right="'" leftEscaped="''" rightEscaped="''" />
            </quotation>
          </record-format>
        </data>
      </csv-format>
    </csv-formats>
  </component>
</application>