<application>
  <component name="DebuggerSettings">
    <option name="SHOW_ALTERNATIVE_SOURCE" value="false" />
  </component>
  <component name="NodeRendererSettings">
    <Renderer ID="ClassRenderer">
      <option name="SHOW_FQ_TYPE_NAMES" value="true" />
    </Renderer>
    <CustomRenderers VERSION="8">
      <Renderer ID="CompoundTypeRenderer">
        <option name="ENABLED" value="true" />
        <option name="QUALIFIED_NAME" value="java.io.File" />
        <Renderer ID="EnumerationChildrenRenderer" role="children">
          <option name="QUALIFIED_NAME" value="java.io.File" />
          <option name="AppendDefault" value="true" />
          <ChildrenExpression Name="">
            <TextWithImports text="&#13;&#13;JAVA" type="expression" />
          </ChildrenExpression>
        </Renderer>
      </Renderer>
      <Renderer ID="CompoundTypeRenderer">
        <option name="ENABLED" value="true" />
        <option name="QUALIFIED_NAME" value="int" />
        <Renderer ID="EnumerationChildrenRenderer" role="children">
          <option name="QUALIFIED_NAME" value="int" />
          <option name="AppendDefault" value="true" />
          <ChildrenExpression Name="">
            <TextWithImports text="&#13;&#13;JAVA" type="expression" />
          </ChildrenExpression>
          <ChildrenExpression Name="">
            <TextWithImports text="&#13;&#13;JAVA" type="expression" />
          </ChildrenExpression>
        </Renderer>
      </Renderer>
      <Renderer ID="CompoundTypeRenderer">
        <option name="ENABLED" value="true" />
        <option name="QUALIFIED_NAME" value="java.util.HashSet" />
        <Renderer ID="EnumerationChildrenRenderer" role="children">
          <option name="QUALIFIED_NAME" value="java.util.HashSet" />
          <option name="AppendDefault" value="true" />
          <ChildrenExpression Name="">
            <TextWithImports text="&#13;&#13;JAVA" type="expression" />
          </ChildrenExpression>
        </Renderer>
      </Renderer>
      <Renderer ID="CompoundTypeRenderer">
        <option name="ENABLED" value="true" />
        <option name="QUALIFIED_NAME" value="org.elasticsearch.action.search.SearchResponse" />
        <Renderer ID="EnumerationChildrenRenderer" role="children">
          <option name="QUALIFIED_NAME" value="org.elasticsearch.action.search.SearchResponse" />
          <option name="AppendDefault" value="true" />
          <ChildrenExpression Name="">
            <TextWithImports text="&#13;&#13;JAVA" type="expression" />
          </ChildrenExpression>
          <ChildrenExpression Name="">
            <TextWithImports text="&#13;&#13;JAVA" type="expression" />
          </ChildrenExpression>
        </Renderer>
      </Renderer>
      <Renderer ID="CompoundTypeRenderer">
        <option name="NAME" value="java.lang.String" />
        <option name="ENABLED" value="true" />
        <option name="QUALIFIED_NAME" value="java.lang.String" />
        <Renderer ID="EnumerationChildrenRenderer" role="children">
          <option name="QUALIFIED_NAME" value="java.lang.String" />
          <option name="AppendDefault" value="true" />
          <ChildrenExpression Name="">
            <TextWithImports text="&#13;&#13;JAVA" type="expression" />
          </ChildrenExpression>
        </Renderer>
      </Renderer>
      <Renderer ID="CompoundTypeRenderer">
        <option name="NAME" value="boolean" />
        <option name="ENABLED" value="true" />
        <option name="QUALIFIED_NAME" value="boolean" />
        <Renderer ID="EnumerationChildrenRenderer" role="children">
          <option name="QUALIFIED_NAME" value="boolean" />
          <option name="AppendDefault" value="true" />
          <ChildrenExpression Name="">
            <TextWithImports text="&#13;&#13;JAVA" type="expression" />
          </ChildrenExpression>
          <ChildrenExpression Name="">
            <TextWithImports text="&#13;&#13;JAVA" type="expression" />
          </ChildrenExpression>
          <ChildrenExpression Name="">
            <TextWithImports text="&#13;&#13;JAVA" type="expression" />
          </ChildrenExpression>
        </Renderer>
      </Renderer>
      <Renderer ID="CompoundTypeRenderer">
        <option name="NAME" value="java.lang.Class" />
        <option name="ENABLED" value="true" />
        <option name="QUALIFIED_NAME" value="java.lang.Class" />
        <Renderer ID="EnumerationChildrenRenderer" role="children">
          <option name="QUALIFIED_NAME" value="java.lang.Class" />
          <option name="AppendDefault" value="true" />
          <ChildrenExpression Name="">
            <TextWithImports text="&#13;&#13;JAVA" type="expression" />
          </ChildrenExpression>
          <ChildrenExpression Name="">
            <TextWithImports text="&#13;&#13;JAVA" type="expression" />
          </ChildrenExpression>
          <ChildrenExpression Name="">
            <TextWithImports text="&#13;&#13;JAVA" type="expression" />
          </ChildrenExpression>
          <ChildrenExpression Name="">
            <TextWithImports text="&#13;&#13;JAVA" type="expression" />
          </ChildrenExpression>
        </Renderer>
      </Renderer>
    </CustomRenderers>
  </component>
  <component name="XDebuggerSettings">
    <data-views>
      <option name="showLibraryStackFrames" value="false" />
    </data-views>
    <general />
    <debuggers>
      <debugger id="javascript">
        <configuration>
          <custom-object-presentation />
        </configuration>
      </debugger>
      <debugger id="kotlin_debugger">
        <configuration>
          <option name="DEBUG_IS_FILTER_FOR_STDLIB_ALREADY_ADDED" value="true" />
        </configuration>
      </debugger>
    </debuggers>
  </component>
</application>