<application>
  <component name="FileTypeManager" version="17">
    <extensionMap>
      <mapping pattern="pcm_string_cic_proxy" type="PLAIN_TEXT" />
      <mapping pattern="test_invite" type="PLAIN_TEXT" />
      <mapping pattern="pcm_string1" type="PLAIN_TEXT" />
      <mapping ext="vsg" type="PLAIN_TEXT" />
      <mapping ext="service" type="PLAIN_TEXT" />
      <mapping ext="example" type="PLAIN_TEXT" />
      <mapping ext="20180402" type="PLAIN_TEXT" />
      <mapping ext="pid" type="PLAIN_TEXT" />
      <mapping ext="jnaerator" type="PLAIN_TEXT" />
      <removed_mapping ext="cmd" approved="true" type="PLAIN_TEXT" />
      <removed_mapping ext="bat" approved="true" type="PLAIN_TEXT" />
      <mapping ext="str" type="YAML" />
      <removed_mapping ext="bat" approved="true" type="PLAIN_TEXT" />
      <removed_mapping ext="log" approved="true" type="PLAIN_TEXT" />
      <removed_mapping ext="ini" approved="true" type="PLAIN_TEXT" />
      <removed_mapping ext="dockerfile" approved="true" type="textmate" />
      <removed_mapping ext="makefile" approved="true" type="textmate" />
      <removed_mapping ext="conf" approved="true" type="PLAIN_TEXT" />
      <removed_mapping ext="cmd" approved="true" type="PLAIN_TEXT" />
      <removed_mapping ext="snakefile" approved="true" type="textmate" />
    </extensionMap>
  </component>
</application>