<application>
  <component name="FileTypeManager" version="18">
    <extensionMap>
      <mapping ext="space.kts" type="Kotlin" />
      <mapping ext="gradle.kts" type="Kotlin" />
      <mapping ext="main.kts" type="Kotlin" />
      <mapping pattern="pcm_string_cic_proxy" type="PLAIN_TEXT" />
      <mapping pattern=".dockerignore" type="PLAIN_TEXT" />
      <mapping pattern="test_invite" type="PLAIN_TEXT" />
      <mapping pattern="pcm_string1" type="PLAIN_TEXT" />
      <mapping pattern=".env" type="PLAIN_TEXT" />
      <mapping pattern="beep" type="PLAIN_TEXT" />
      <mapping ext="20180402" type="PLAIN_TEXT" />
      <mapping ext="pid" type="PLAIN_TEXT" />
      <mapping ext="example" type="PLAIN_TEXT" />
      <mapping ext="jnaerator" type="PLAIN_TEXT" />
      <mapping ext="service" type="PLAIN_TEXT" />
      <mapping ext="crt" type="PLAIN_TEXT" />
      <mapping ext="key" type="PLAIN_TEXT" />
      <mapping ext="collection" type="PLAIN_TEXT" />
      <mapping ext="vsg" type="PLAIN_TEXT" />
      <mapping ext="str" type="YAML" />
      <mapping pattern="protocol-adapter-v1" type="protobuf" />
      <removed_mapping ext="apk" approved="true" type="ARCHIVE" />
      <removed_mapping ext="bat" approved="true" type="PLAIN_TEXT" />
      <removed_mapping ext="cmd" approved="true" type="PLAIN_TEXT" />
      <removed_mapping ext="conf" approved="true" type="PLAIN_TEXT" />
      <removed_mapping ext="config" approved="true" type="XML" />
      <removed_mapping ext="crt" approved="true" type="XML" />
      <removed_mapping ext="dockerfile" approved="true" type="textmate" />
      <removed_mapping ext="ini" approved="true" type="PLAIN_TEXT" />
      <removed_mapping ext="log" approved="true" type="PLAIN_TEXT" />
      <removed_mapping ext="makefile" approved="true" type="textmate" />
      <removed_mapping ext="md" approved="true" type="XML" />
      <removed_mapping ext="permissionset" approved="true" type="XML" />
      <removed_mapping ext="profile" approved="true" type="XML" />
      <removed_mapping ext="psd" approved="true" type="Image" />
      <removed_mapping ext="snakefile" approved="true" type="textmate" />
    </extensionMap>
  </component>
</application>