<application>
  <component name="ExternalResourceManagerImpl">
    <resource url="jelly:ant" location="jar:file:/Users/joke/Library/Application%20Support/IntelliJIdea2016.1/idea-stapler-plugin/lib/idea-stapler-plugin.jar!/org/kohsuke/stapler/idea/resources/schemas/ant.xsd" />
    <resource url="jelly:antlr" location="jar:file:/Users/joke/Library/Application%20Support/IntelliJIdea2016.1/idea-stapler-plugin/lib/idea-stapler-plugin.jar!/org/kohsuke/stapler/idea/resources/schemas/antlr.xsd" />
    <resource url="jelly:bean" location="jar:file:/Users/joke/Library/Application%20Support/IntelliJIdea2016.1/idea-stapler-plugin/lib/idea-stapler-plugin.jar!/org/kohsuke/stapler/idea/resources/schemas/bean.xsd" />
    <resource url="jelly:beanshell" location="jar:file:/Users/joke/Library/Application%20Support/IntelliJIdea2016.1/idea-stapler-plugin/lib/idea-stapler-plugin.jar!/org/kohsuke/stapler/idea/resources/schemas/beanshell.xsd" />
    <resource url="jelly:betwixt" location="jar:file:/Users/joke/Library/Application%20Support/IntelliJIdea2016.1/idea-stapler-plugin/lib/idea-stapler-plugin.jar!/org/kohsuke/stapler/idea/resources/schemas/betwixt.xsd" />
    <resource url="jelly:bsf" location="jar:file:/Users/joke/Library/Application%20Support/IntelliJIdea2016.1/idea-stapler-plugin/lib/idea-stapler-plugin.jar!/org/kohsuke/stapler/idea/resources/schemas/bsf.xsd" />
    <resource url="jelly:core" location="jar:file:/Users/joke/Library/Application%20Support/IntelliJIdea2016.1/idea-stapler-plugin/lib/idea-stapler-plugin.jar!/org/kohsuke/stapler/idea/resources/schemas/core.xsd" />
    <resource url="jelly:define" location="jar:file:/Users/joke/Library/Application%20Support/IntelliJIdea2016.1/idea-stapler-plugin/lib/idea-stapler-plugin.jar!/org/kohsuke/stapler/idea/resources/schemas/define.xsd" />
    <resource url="jelly:dynabean" location="jar:file:/Users/joke/Library/Application%20Support/IntelliJIdea2016.1/idea-stapler-plugin/lib/idea-stapler-plugin.jar!/org/kohsuke/stapler/idea/resources/schemas/dynabean.xsd" />
    <resource url="jelly:email" location="jar:file:/Users/joke/Library/Application%20Support/IntelliJIdea2016.1/idea-stapler-plugin/lib/idea-stapler-plugin.jar!/org/kohsuke/stapler/idea/resources/schemas/email.xsd" />
    <resource url="jelly:fmt" location="jar:file:/Users/joke/Library/Application%20Support/IntelliJIdea2016.1/idea-stapler-plugin/lib/idea-stapler-plugin.jar!/org/kohsuke/stapler/idea/resources/schemas/fmt.xsd" />
    <resource url="jelly:html" location="jar:file:/Users/joke/Library/Application%20Support/IntelliJIdea2016.1/idea-stapler-plugin/lib/idea-stapler-plugin.jar!/org/kohsuke/stapler/idea/resources/schemas/html.xsd" />
    <resource url="jelly:http" location="jar:file:/Users/joke/Library/Application%20Support/IntelliJIdea2016.1/idea-stapler-plugin/lib/idea-stapler-plugin.jar!/org/kohsuke/stapler/idea/resources/schemas/http.xsd" />
    <resource url="jelly:interaction" location="jar:file:/Users/joke/Library/Application%20Support/IntelliJIdea2016.1/idea-stapler-plugin/lib/idea-stapler-plugin.jar!/org/kohsuke/stapler/idea/resources/schemas/interaction.xsd" />
    <resource url="jelly:jaxme" location="jar:file:/Users/joke/Library/Application%20Support/IntelliJIdea2016.1/idea-stapler-plugin/lib/idea-stapler-plugin.jar!/org/kohsuke/stapler/idea/resources/schemas/jaxme.xsd" />
    <resource url="jelly:jetty" location="jar:file:/Users/joke/Library/Application%20Support/IntelliJIdea2016.1/idea-stapler-plugin/lib/idea-stapler-plugin.jar!/org/kohsuke/stapler/idea/resources/schemas/jetty.xsd" />
    <resource url="jelly:jface" location="jar:file:/Users/joke/Library/Application%20Support/IntelliJIdea2016.1/idea-stapler-plugin/lib/idea-stapler-plugin.jar!/org/kohsuke/stapler/idea/resources/schemas/jface.xsd" />
    <resource url="jelly:jms" location="jar:file:/Users/joke/Library/Application%20Support/IntelliJIdea2016.1/idea-stapler-plugin/lib/idea-stapler-plugin.jar!/org/kohsuke/stapler/idea/resources/schemas/jms.xsd" />
    <resource url="jelly:jmx" location="jar:file:/Users/joke/Library/Application%20Support/IntelliJIdea2016.1/idea-stapler-plugin/lib/idea-stapler-plugin.jar!/org/kohsuke/stapler/idea/resources/schemas/jmx.xsd" />
    <resource url="jelly:jsl" location="jar:file:/Users/joke/Library/Application%20Support/IntelliJIdea2016.1/idea-stapler-plugin/lib/idea-stapler-plugin.jar!/org/kohsuke/stapler/idea/resources/schemas/jsl.xsd" />
    <resource url="jelly:junit" location="jar:file:/Users/joke/Library/Application%20Support/IntelliJIdea2016.1/idea-stapler-plugin/lib/idea-stapler-plugin.jar!/org/kohsuke/stapler/idea/resources/schemas/junit.xsd" />
    <resource url="jelly:log" location="jar:file:/Users/joke/Library/Application%20Support/IntelliJIdea2016.1/idea-stapler-plugin/lib/idea-stapler-plugin.jar!/org/kohsuke/stapler/idea/resources/schemas/log.xsd" />
    <resource url="jelly:memory" location="jar:file:/Users/joke/Library/Application%20Support/IntelliJIdea2016.1/idea-stapler-plugin/lib/idea-stapler-plugin.jar!/org/kohsuke/stapler/idea/resources/schemas/memory.xsd" />
    <resource url="jelly:ojb" location="jar:file:/Users/joke/Library/Application%20Support/IntelliJIdea2016.1/idea-stapler-plugin/lib/idea-stapler-plugin.jar!/org/kohsuke/stapler/idea/resources/schemas/ojb.xsd" />
    <resource url="jelly:quartz" location="jar:file:/Users/joke/Library/Application%20Support/IntelliJIdea2016.1/idea-stapler-plugin/lib/idea-stapler-plugin.jar!/org/kohsuke/stapler/idea/resources/schemas/quartz.xsd" />
    <resource url="jelly:regexp" location="jar:file:/Users/joke/Library/Application%20Support/IntelliJIdea2016.1/idea-stapler-plugin/lib/idea-stapler-plugin.jar!/org/kohsuke/stapler/idea/resources/schemas/regexp.xsd" />
    <resource url="jelly:soap" location="jar:file:/Users/joke/Library/Application%20Support/IntelliJIdea2016.1/idea-stapler-plugin/lib/idea-stapler-plugin.jar!/org/kohsuke/stapler/idea/resources/schemas/soap.xsd" />
    <resource url="jelly:sql" location="jar:file:/Users/joke/Library/Application%20Support/IntelliJIdea2016.1/idea-stapler-plugin/lib/idea-stapler-plugin.jar!/org/kohsuke/stapler/idea/resources/schemas/sql.xsd" />
    <resource url="jelly:stapler" location="jar:file:/Users/joke/Library/Application%20Support/IntelliJIdea2016.1/idea-stapler-plugin/lib/idea-stapler-plugin.jar!/org/kohsuke/stapler/idea/resources/schemas/stapler.xsd" />
    <resource url="jelly:swing" location="jar:file:/Users/joke/Library/Application%20Support/IntelliJIdea2016.1/idea-stapler-plugin/lib/idea-stapler-plugin.jar!/org/kohsuke/stapler/idea/resources/schemas/swing.xsd" />
    <resource url="jelly:swt" location="jar:file:/Users/joke/Library/Application%20Support/IntelliJIdea2016.1/idea-stapler-plugin/lib/idea-stapler-plugin.jar!/org/kohsuke/stapler/idea/resources/schemas/swt.xsd" />
    <resource url="jelly:threads" location="jar:file:/Users/joke/Library/Application%20Support/IntelliJIdea2016.1/idea-stapler-plugin/lib/idea-stapler-plugin.jar!/org/kohsuke/stapler/idea/resources/schemas/threads.xsd" />
    <resource url="jelly:util" location="jar:file:/Users/joke/Library/Application%20Support/IntelliJIdea2016.1/idea-stapler-plugin/lib/idea-stapler-plugin.jar!/org/kohsuke/stapler/idea/resources/schemas/util.xsd" />
    <resource url="jelly:validate" location="jar:file:/Users/joke/Library/Application%20Support/IntelliJIdea2016.1/idea-stapler-plugin/lib/idea-stapler-plugin.jar!/org/kohsuke/stapler/idea/resources/schemas/validate.xsd" />
    <resource url="jelly:velocity" location="jar:file:/Users/joke/Library/Application%20Support/IntelliJIdea2016.1/idea-stapler-plugin/lib/idea-stapler-plugin.jar!/org/kohsuke/stapler/idea/resources/schemas/velocity.xsd" />
    <resource url="jelly:xml" location="jar:file:/Users/joke/Library/Application%20Support/IntelliJIdea2016.1/idea-stapler-plugin/lib/idea-stapler-plugin.jar!/org/kohsuke/stapler/idea/resources/schemas/xml.xsd" />
    <resource url="jelly:xmlunit" location="jar:file:/Users/joke/Library/Application%20Support/IntelliJIdea2016.1/idea-stapler-plugin/lib/idea-stapler-plugin.jar!/org/kohsuke/stapler/idea/resources/schemas/xmlunit.xsd" />
  </component>
</application>