<application>
  <component name="NotificationConfiguration">
    <notification groupId="Docker: Dockerfile detection" displayType="NONE" shouldLog="false" />
    <notification groupId="IDE Usage Statistics" displayType="STICKY_BALLOON" shouldLog="false" />
    <notification groupId="ideavim-sticky" displayType="STICKY_BALLOON" />
    <notification groupId="Maven Import" displayType="STICKY_BALLOON" />
    <notification groupId="SbtImportMessage" displayType="STICKY_BALLOON" />
    <notification groupId="Unindexed maven repositories gradle detection" displayType="NONE" shouldLog="false" />
  </component>
</application>