<keymap version="1" name="Mac OS X 10.5+ copy" parent="Mac OS X 10.5+">
  <action id="HideActiveWindow">
    <keyboard-shortcut first-keystroke="shift escape" />
    <keyboard-shortcut first-keystroke="shift back_quote" />
  </action>
  <action id="NextSplitter">
    <keyboard-shortcut first-keystroke="alt tab" />
    <keyboard-shortcut first-keystroke="ctrl w" second-keystroke="w" />
  </action>
  <action id="Run">
    <keyboard-shortcut first-keystroke="ctrl s" />
  </action>
  <action id="RunConfiguration">
    <keyboard-shortcut first-keystroke="shift ctrl s" />
  </action>
  <action id="SplitHorizontally">
    <keyboard-shortcut first-keystroke="ctrl w" second-keystroke="n" />
  </action>
  <action id="SplitVertically">
    <keyboard-shortcut first-keystroke="ctrl w" second-keystroke="v" />
  </action>
  <action id="SwitchApply">
    <keyboard-shortcut first-keystroke="ctrl alt enter" />
  </action>
  <action id="SwitchDown">
    <keyboard-shortcut first-keystroke="ctrl alt down" />
  </action>
  <action id="SwitchLeft">
    <keyboard-shortcut first-keystroke="ctrl alt left" />
  </action>
  <action id="SwitchRight">
    <keyboard-shortcut first-keystroke="ctrl alt right" />
  </action>
  <action id="SwitchUp">
    <keyboard-shortcut first-keystroke="ctrl alt up" />
  </action>
  <action id="VimRedo">
    <keyboard-shortcut first-keystroke="ctrl r" />
  </action>
</keymap>