<application>
  <component name="CodeInsightSettings">
    <option name="OPTIMIZE_IMPORTS_ON_THE_FLY" value="true" />
  </component>
  <component name="DefaultFont">
    <option name="FONT_REGULAR_SUB_FAMILY" value="Regular" />
    <option name="FONT_BOLD_SUB_FAMILY" value="Bold" />
  </component>
  <component name="EditorSettings">
    <option name="USE_SOFT_WRAPS" value="" />
    <option name="IS_MOUSE_CLICK_SELECTION_HONORS_CAMEL_WORDS" value="false" />
  </component>
  <component name="TodoConfiguration">
    <pattern case-sensitive="true" pattern="\btodo\b.*" />
    <pattern pattern="\bfixme\b.*" />
    <pattern icon="important" case-sensitive="true" pattern="트리거 분리" />
    <filter name="트리거 분리">
      <pattern index="2" />
    </filter>
  </component>
</application>