<application>
  <component name="ProjectManager">
    <defaultProject>
      <component name="CompilerConfiguration">
        <wildcardResourcePatterns>
          <entry name="!?*.java" />
          <entry name="!?*.form" />
          <entry name="!?*.class" />
          <entry name="!?*.groovy" />
          <entry name="!?*.scala" />
          <entry name="!?*.flex" />
          <entry name="!?*.kt" />
          <entry name="!?*.clj" />
        </wildcardResourcePatterns>
        <annotationProcessing>
          <profile default="true" name="Default" enabled="true" />
        </annotationProcessing>
      </component>
      <component name="Encoding">
        <file url="PROJECT" charset="UTF-8" />
      </component>
      <component name="GradleLocalSettings">
        <option name="modificationStamps">
          <map>
            <entry key="$USER_HOME$/Documents/workspace/github/reactor-samples" value="1479882947000" />
            <entry key="$USER_HOME$/Documents/workspace/github/spock-example" value="2980347890000" />
            <entry key="$USER_HOME$/Documents/workspace/private/cctv-server" value="2958735354000" />
            <entry key="$USER_HOME$/Documents/workspace/private/chaser" value="5851108840000" />
            <entry key="$USER_HOME$/Documents/workspace/private/lamp-server" value="20522119598000" />
            <entry key="$USER_HOME$/Documents/workspace/private/spring-cloud-algo/cloud-zipkin" value="1489606102000" />
            <entry key="$USER_HOME$/Documents/workspace/private/spring-cloud-algo/cloud-zipkin-al" value="1489605258000" />
            <entry key="$USER_HOME$/Documents/workspace/private/spring-cloud-algo/cloud-zipkin-cole" value="1489605262000" />
            <entry key="$USER_HOME$/Documents/workspace/private/spring-cloud-algo/cole-service" value="1488430770000" />
            <entry key="$USER_HOME$/Documents/workspace/socialcoding/cctv-server" value="2925554532000" />
            <entry key="$USER_HOME$/Documents/workspace/socialcoding/cctv-server-v2" value="2975488120000" />
            <entry key="$USER_HOME$/Documents/workspace/work/maple/subscribe-order" value="10250212022000" />
            <entry key="$USER_HOME$/Documents/workspace/work/mercay/coukie-rabbitmq" value="2970484662000" />
            <entry key="$USER_HOME$/Documents/workspace/work/mercay/inbox" value="13163430805000" />
            <entry key="$USER_HOME$/Documents/workspace/work/mercay/inbox-batch" value="2963536722000" />
            <entry key="$USER_HOME$/Documents/workspace/work/mercay/inbox-care" value="2952518804000" />
            <entry key="$USER_HOME$/Documents/workspace/work/mercay/inbox-log" value="1479880037000" />
            <entry key="$USER_HOME$/Documents/workspace/work/mercay/lamp" value="8813944711000" />
            <entry key="$USER_HOME$/Documents/workspace/work/mercay/message" value="8773586329000" />
            <entry key="$USER_HOME$/Documents/workspace/work/mercay/moana" value="2972858830000" />
            <entry key="$USER_HOME$/Documents/workspace/work/mercay/nexmo" value="1467870047000" />
            <entry key="$USER_HOME$/Documents/workspace/work/mercay/nexmo-agent" value="1467869443000" />
            <entry key="$USER_HOME$/Documents/workspace/work/mercay/nexmo/nexmo-agent" value="1467870357000" />
            <entry key="$USER_HOME$/Documents/workspace/work/mercay/zoobox" value="2972225422000" />
            <entry key="$USER_HOME$/Documents/workspace/work/release/coupang-web" value="2965240178000" />
            <entry key="$USER_HOME$/Documents/workspace/work/sre/bam" value="2960938242000" />
            <entry key="$USER_HOME$/Documents/workspace/work/sre/valve" value="2967362310000" />
            <entry key="$USER_HOME$/Downloads/apple-client" value="1478711318000" />
            <entry key="$USER_HOME$/Downloads/apple-eureka" value="1478710878000" />
            <entry key="$USER_HOME$/Downloads/apple-hystrix" value="1478725890000" />
            <entry key="$USER_HOME$/Downloads/apple-service" value="1478708910000" />
            <entry key="$USER_HOME$/Downloads/apple-zipkin" value="1478726878000" />
            <entry key="$USER_HOME$/Downloads/chat" value="1481052422000" />
            <entry key="$USER_HOME$/Downloads/cloud-config" value="1486579814000" />
            <entry key="$USER_HOME$/Downloads/cloud-eureka" value="1486581426000" />
            <entry key="$USER_HOME$/Downloads/cole-service" value="1488395884000" />
            <entry key="$USER_HOME$/Downloads/config-server" value="1478709484000" />
            <entry key="$USER_HOME$/Downloads/demo" value="1480966572000" />
            <entry key="$USER_HOME$/Downloads/message-client" value="1478114356000" />
            <entry key="$USER_HOME$/Downloads/reactive" value="1480966902000" />
            <entry key="$USER_HOME$/Downloads/spring-cloud/config-service" value="1477932828000" />
            <entry key="$USER_HOME$/Downloads/spring-cloud/eureka-service" value="1477933644000" />
            <entry key="$USER_HOME$/Downloads/spring-cloud/message-service" value="1477966464000" />
            <entry key="$USER_HOME$/Downloads/spring-cloud/message-zipkin" value="1478132406000" />
            <entry key="$USER_HOME$/Repository/avalon/agent-watcher" value="10071951333000" />
            <entry key="$USER_HOME$/Repository/avalon/coupang" value="14152126811000" />
            <entry key="$USER_HOME$/Repository/avalon/inbox" value="13129170486000" />
            <entry key="$USER_HOME$/Repository/avalon/lamp" value="10084712236000" />
            <entry key="$USER_HOME$/Repository/avalon/lamp-agent" value="8645937624000" />
            <entry key="$USER_HOME$/Repository/avalon/message" value="8656052890000" />
            <entry key="$USER_HOME$/Repository/avalon/message-healthchecker-server" value="10051320160000" />
            <entry key="$USER_HOME$/Repository/avalon/rabbitmq-admin" value="8691624883000" />
            <entry key="$USER_HOME$/Repository/cmd/coupangnoti-server" value="8558511474000" />
            <entry key="$USER_HOME$/Repository/cmd/noti" value="8557798164000" />
            <entry key="$USER_HOME$/Repository/coukie/backend-pilot" value="8522618568000" />
            <entry key="$USER_HOME$/Repository/coupang-zone" value="10136421659000" />
            <entry key="$USER_HOME$/Repository/elba/push" value="8530471962000" />
            <entry key="$USER_HOME$/Repository/family-day/2014/familyday" value="8626497433000" />
            <entry key="$USER_HOME$/Repository/family-day/retro" value="10064245660000" />
            <entry key="$USER_HOME$/Repository/github/cctv-server" value="2891204270000" />
            <entry key="$USER_HOME$/Repository/github/chaser/chaser-standalone" value="1461225228000" />
            <entry key="$USER_HOME$/Repository/github/food-recommander" value="1442364188000" />
            <entry key="$USER_HOME$/Repository/github/http-request-sender-coupang" value="4349134989000" />
            <entry key="$USER_HOME$/Repository/github/lamp-server" value="4350201273000" />
            <entry key="$USER_HOME$/Repository/github/lamp/lamp-agent" value="8722684668000" />
            <entry key="$USER_HOME$/Repository/github/maven-download" value="1447033280000" />
            <entry key="$USER_HOME$/Repository/github/socialcoding/cctv-server" value="5829096618000" />
            <entry key="$USER_HOME$/Repository/github/socialcoding/cctv-server/cctv-admin" value="1457272218000" />
            <entry key="$USER_HOME$/Repository/github/socialcoding/cctv-server/cctv-api" value="1457272428000" />
            <entry key="$USER_HOME$/Repository/github/socialcoding/cctv-server/cctv-core" value="1457425369000" />
            <entry key="$USER_HOME$/Repository/insidecoupang-web" value="8497891502000" />
            <entry key="$USER_HOME$/Repository/market" value="8722841226000" />
            <entry key="$USER_HOME$/Repository/mercay/inbox" value="13129200468000" />
            <entry key="$USER_HOME$/Repository/mercay/link" value="8723833806000" />
            <entry key="$USER_HOME$/Repository/prince-edward/shipment" value="8570301612000" />
            <entry key="$USER_HOME$/Repository/release/HttpClient" value="1449043134000" />
            <entry key="$USER_HOME$/Repository/release/coupang" value="12963043326000" />
            <entry key="$USER_HOME$/Repository/release/friend" value="8597315268000" />
            <entry key="$USER_HOME$/Repository/release/nps" value="10148721163000" />
            <entry key="$USER_HOME$/Repository/release/order" value="11378731005000" />
            <entry key="$USER_HOME$/Repository/release/partner-admin-web" value="8738179333000" />
            <entry key="$USER_HOME$/Repository/release/shipment" value="8559862142000" />
            <entry key="$USER_HOME$/Repository/release/vitamin" value="11378633296000" />
            <entry key="$USER_HOME$/Repository/retro" value="10064256202000" />
            <entry key="$USER_HOME$/Repository/social-coding/cctv-server" value="2875944814000" />
            <entry key="$USER_HOME$/Repository/subscribe-order" value="10066365495000" />
          </map>
        </option>
      </component>
      <component name="ProjectInspectionProfilesVisibleTreeState">
        <entry key="Project Default">
          <profile-state>
            <expanded-state>
              <State>
                <id />
              </State>
              <State>
                <id>AOP</id>
              </State>
              <State>
                <id>Abstraction issuesJava</id>
              </State>
              <State>
                <id>ActionScript specificJavaScript</id>
              </State>
              <State>
                <id>Android</id>
              </State>
              <State>
                <id>Android Lint</id>
              </State>
              <State>
                <id>Application Server Specific Inspections</id>
              </State>
              <State>
                <id>ArquillianJava</id>
              </State>
              <State>
                <id>Assignment issuesJava</id>
              </State>
              <State>
                <id>Assignment issuesJavaScript</id>
              </State>
              <State>
                <id>Bitwise operation issuesJava</id>
              </State>
              <State>
                <id>Bitwise operation issuesJavaScript</id>
              </State>
              <State>
                <id>CDI(Contexts and Dependency Injection) issues</id>
              </State>
              <State>
                <id>Class metricsJava</id>
              </State>
              <State>
                <id>Class structureJava</id>
              </State>
              <State>
                <id>Cloning issuesJava</id>
              </State>
              <State>
                <id>Code maturity issuesJava</id>
              </State>
              <State>
                <id>Code quality toolsJavaScript</id>
              </State>
              <State>
                <id>Code style issuesJava</id>
              </State>
              <State>
                <id>Code style issuesJavaScript</id>
              </State>
              <State>
                <id>CodeSpring CoreSpring</id>
              </State>
              <State>
                <id>Compiler issuesJava</id>
              </State>
              <State>
                <id>Concurrency annotation issuesJava</id>
              </State>
              <State>
                <id>Control flow issuesJava</id>
              </State>
              <State>
                <id>Control flow issuesJavaScript</id>
              </State>
              <State>
                <id>Cucumber Java</id>
              </State>
              <State>
                <id>DOM issuesJavaScript</id>
              </State>
              <State>
                <id>Data flow issuesJava</id>
              </State>
              <State>
                <id>Data flow issuesJavaScript</id>
              </State>
              <State>
                <id>Declaration redundancyJava</id>
              </State>
              <State>
                <id>Dependency issuesJava</id>
              </State>
              <State>
                <id>Encapsulation issuesJava</id>
              </State>
              <State>
                <id>Error handlingJava</id>
              </State>
              <State>
                <id>Error handlingJavaScript</id>
              </State>
              <State>
                <id>Faces Model</id>
              </State>
              <State>
                <id>Finalization issuesJava</id>
              </State>
              <State>
                <id>GPath inspectionsGroovy</id>
              </State>
              <State>
                <id>General</id>
              </State>
              <State>
                <id>GeneralJava</id>
              </State>
              <State>
                <id>GeneralJavaScript</id>
              </State>
              <State>
                <id>Google Web Toolkit issues</id>
              </State>
              <State>
                <id>Groovy</id>
              </State>
              <State>
                <id>Hibernate Issues</id>
              </State>
              <State>
                <id>ImportsJava</id>
              </State>
              <State>
                <id>Inheritance issuesJava</id>
              </State>
              <State>
                <id>Initialization issuesJava</id>
              </State>
              <State>
                <id>Internationalization issuesJava</id>
              </State>
              <State>
                <id>J2ME SupportJava</id>
              </State>
              <State>
                <id>J2ME issuesJava</id>
              </State>
              <State>
                <id>JBoss Seam issues</id>
              </State>
              <State>
                <id>JPA issues</id>
              </State>
              <State>
                <id>JSP Inspections</id>
              </State>
              <State>
                <id>JUnit issuesJava</id>
              </State>
              <State>
                <id>Java</id>
              </State>
              <State>
                <id>Java EE issues</id>
              </State>
              <State>
                <id>Java language level issuesJava</id>
              </State>
              <State>
                <id>Java language level migration aidsJava</id>
              </State>
              <State>
                <id>JavaBeans issuesJava</id>
              </State>
              <State>
                <id>JavaFX</id>
              </State>
              <State>
                <id>JavaScript</id>
              </State>
              <State>
                <id>JavaScript function metricsJavaScript</id>
              </State>
              <State>
                <id>JavaScript validity issuesJavaScript</id>
              </State>
              <State>
                <id>Javadoc issuesJava</id>
              </State>
              <State>
                <id>Kotlin</id>
              </State>
              <State>
                <id>Language Injection</id>
              </State>
              <State>
                <id>Logging issuesJava</id>
              </State>
              <State>
                <id>Memory issuesJava</id>
              </State>
              <State>
                <id>Method metricsJava</id>
              </State>
              <State>
                <id>Modularization issuesJava</id>
              </State>
              <State>
                <id>Naming ConventionsGroovy</id>
              </State>
              <State>
                <id>Naming conventionsJava</id>
              </State>
              <State>
                <id>Naming conventionsJavaScript</id>
              </State>
              <State>
                <id>Numeric issuesJava</id>
              </State>
              <State>
                <id>OtherGroovy</id>
              </State>
              <State>
                <id>Packaging issuesJava</id>
              </State>
              <State>
                <id>Performance issuesJava</id>
              </State>
              <State>
                <id>Plugin DevKit</id>
              </State>
              <State>
                <id>Portability issuesJava</id>
              </State>
              <State>
                <id>Potentially confusing code constructsJavaScript</id>
              </State>
              <State>
                <id>Probable bugsGroovy</id>
              </State>
              <State>
                <id>Probable bugsJava</id>
              </State>
              <State>
                <id>Probable bugsJavaScript</id>
              </State>
              <State>
                <id>Properties Files</id>
              </State>
              <State>
                <id>Properties FilesJava</id>
              </State>
              <State>
                <id>RESTful Web Service</id>
              </State>
              <State>
                <id>Resource management issuesJava</id>
              </State>
              <State>
                <id>Security issuesJava</id>
              </State>
              <State>
                <id>Serialization issuesJava</id>
              </State>
              <State>
                <id>Spring</id>
              </State>
              <State>
                <id>Spring CoreSpring</id>
              </State>
              <State>
                <id>Struts</id>
              </State>
              <State>
                <id>Struts 1Struts</id>
              </State>
              <State>
                <id>StyleGroovy</id>
              </State>
              <State>
                <id>TestNGJava</id>
              </State>
              <State>
                <id>Threading issuesGroovy</id>
              </State>
              <State>
                <id>Threading issuesJava</id>
              </State>
              <State>
                <id>TypeScript</id>
              </State>
              <State>
                <id>Verbose or redundant code constructsJava</id>
              </State>
              <State>
                <id>Visibility issuesJava</id>
              </State>
              <State>
                <id>Web Services</id>
              </State>
              <State>
                <id>WebSocket issues</id>
              </State>
              <State>
                <id>toString() issuesJava</id>
              </State>
            </expanded-state>
            <selected-state>
              <State>
                <id>Android</id>
              </State>
            </selected-state>
          </profile-state>
        </entry>
      </component>
      <component name="ProjectRootManager" version="2" project-jdk-name="1.8" project-jdk-type="JavaSDK" />
      <component name="PropertiesComponent">
        <property name="GoToClass.includeLibraries" value="false" />
        <property name="GoToClass.toSaveIncludeLibraries" value="false" />
        <property name="GoToFile.includeJavaFiles" value="false" />
        <property name="MemberChooser.copyJavadoc" value="false" />
        <property name="MemberChooser.showClasses" value="true" />
        <property name="MemberChooser.sorted" value="false" />
        <property name="nodejs_interpreter_path.stuck_in_default_project" value="undefined stuck path" />
        <property name="nodejs_npm_path_reset_for_default_project" value="true" />
        <property name="options.lastSelected" value="reference.settings.project.maven.importing" />
        <property name="options.searchVisible" value="true" />
        <property name="options.splitter.details.proportions" value="0.2" />
        <property name="options.splitter.main.proportions" value="0.3" />
        <property name="project.structure.last.edited" value="Project" />
        <property name="project.structure.proportion" value="0.15" />
        <property name="project.structure.side.proportion" value="0.2" />
        <property name="settings.editor.selected.configurable" value="File.Encoding" />
      </component>
      <component name="RunManager">
        <configuration name="&lt;template&gt;" type="WebApp" default="true" selected="false">
          <Host>localhost</Host>
          <Port>5050</Port>
        </configuration>
      </component>
      <component name="VcsContentAnnotationSettings">
        <option name="myLimit" value="2678400000" />
      </component>
      <component name="masterDetails">
        <states>
          <state key="GlobalLibrariesConfigurable.UI">
            <settings>
              <last-edited>sass-stdlib</last-edited>
              <splitter-proportions>
                <option name="proportions">
                  <list>
                    <option value="0.2" />
                  </list>
                </option>
              </splitter-proportions>
            </settings>
          </state>
          <state key="JdkListConfigurable.UI">
            <settings>
              <last-edited>1.7</last-edited>
              <splitter-proportions>
                <option name="proportions">
                  <list>
                    <option value="0.2" />
                  </list>
                </option>
              </splitter-proportions>
            </settings>
          </state>
          <state key="ProjectJDKs.UI">
            <settings>
              <last-edited>1.8</last-edited>
              <splitter-proportions>
                <option name="proportions">
                  <list>
                    <option value="0.2" />
                  </list>
                </option>
              </splitter-proportions>
            </settings>
          </state>
          <state key="ProjectLibrariesConfigurable.UI">
            <settings>
              <splitter-proportions>
                <option name="proportions">
                  <list>
                    <option value="0.2" />
                  </list>
                </option>
              </splitter-proportions>
            </settings>
          </state>
        </states>
      </component>
    </defaultProject>
  </component>
</application>