<application>
  <component name="VimSettings">
    <state version="4" enabled="true" />
    <globalmarks />
    <filemarks>
      <file name="$USER_HOME$/repositories/work/clova/local/NOZZLE-API-SERVER/deploy/ndeploy_reload.sh" timestamp="1564982617950" />
      <file name="$USER_HOME$/repositories/work/clova/release/MusicDemo/static/src/components/common/NavigationBar.tsx" timestamp="1548836146650">
        <mark key="[" line="32" column="45" />
        <mark key="]" line="32" column="54" />
        <mark key="^" line="32" column="54" />
        <mark key="." line="32" column="54" />
      </file>
      <file name="$USER_HOME$/repositories/work/clova/release/MusicDemo/application/core/recommend.py" timestamp="1548826958755">
        <mark key="[" line="96" column="0" />
        <mark key="]" line="96" column="0" />
        <mark key="." line="96" column="0" />
        <mark key="^" line="96" column="19" />
      </file>
      <file name="/Python Console" timestamp="1553673812749">
        <mark key="[" line="0" column="0" />
      </file>
      <file name="/fragment.py" timestamp="1553672716926">
        <mark key="[" line="0" column="0" />
      </file>
      <file name="/a.dummy" timestamp="1548745456886">
        <mark key="[" line="0" column="0" />
      </file>
      <file name="$USER_HOME$/repositories/work/clova/local/NOZZLE-API-SERVER/core/tap.py" timestamp="1553674042077">
        <mark key="[" line="133" column="57" />
        <mark key="]" line="134" column="44" />
        <mark key="." line="134" column="44" />
        <mark key="^" line="134" column="44" />
      </file>
      <file name="$USER_HOME$/repositories/work/clova/release/MusicDemo/static/public/main.html" timestamp="1548829586697">
        <mark key="[" line="5" column="112" />
      </file>
      <file name="$USER_HOME$/repositories/work/clova/local/NOZZLE-API-SERVER/delegate/naver/recommendation.py" timestamp="1543390956831">
        <mark key="[" line="349" column="0" />
        <mark key="]" line="349" column="0" />
        <mark key="." line="349" column="0" />
        <mark key="^" line="349" column="24" />
      </file>
      <file name="$USER_HOME$/repositories/work/clova/release/MusicDemo/application/core/v2/cek.py" timestamp="1552285739588">
        <mark key="[" line="57" column="24" />
        <mark key="]" line="57" column="32" />
        <mark key="." line="57" column="32" />
        <mark key="^" line="57" column="32" />
      </file>
      <file name="$USER_HOME$/repositories/work/clova/release/MusicDemo/static/src/components/LmComparisonApp.tsx" timestamp="1548756907892">
        <mark key="[" line="13" column="39" />
        <mark key="]" line="13" column="39" />
        <mark key="^" line="13" column="39" />
        <mark key="." line="13" column="39" />
      </file>
      <file name="$USER_HOME$/repositories/work/clova/release/MusicDemo/application/__init__.py" timestamp="1552285534609">
        <mark key="[" line="18" column="19" />
        <mark key="]" line="18" column="22" />
        <mark key="." line="18" column="22" />
        <mark key="^" line="18" column="22" />
      </file>
      <file name="$USER_HOME$/repositories/work/clova/release/MusicDemo/static/src/components/LmComparisonBySeedApp.tsx" timestamp="1548837269792">
        <mark key="[" line="26" column="0" />
        <mark key="]" line="26" column="0" />
        <mark key="." line="26" column="0" />
      </file>
      <file name="$USER_HOME$/repositories/work/clova/release/MusicDemo/application/exceptions.py" timestamp="1548758735181">
        <mark key="[" line="26" column="0" />
        <mark key="]" line="26" column="0" />
        <mark key="^" line="27" column="5" />
        <mark key="." line="26" column="0" />
      </file>
      <file name="$USER_HOME$/repositories/work/clova/release/MusicDemo/application/core/cek_request.py" timestamp="1548827016929">
        <mark key="[" line="13" column="0" />
        <mark key="]" line="13" column="0" />
        <mark key="^" line="13" column="47" />
        <mark key="." line="13" column="0" />
      </file>
      <file name="$USER_HOME$/repositories/work/clova/release/MusicDemo/static/public/lm-comparison.html" timestamp="1548829593401">
        <mark key="[" line="5" column="112" />
        <mark key="]" line="6" column="38" />
        <mark key="^" line="6" column="38" />
        <mark key="." line="6" column="38" />
      </file>
      <file name="$USER_HOME$/repositories/work/clova/release/MusicDemo/static/public/lm-comparison-by-seed.html" timestamp="1548829595177">
        <mark key="[" line="5" column="112" />
        <mark key="]" line="12" column="31" />
        <mark key="^" line="12" column="31" />
        <mark key="." line="12" column="31" />
      </file>
      <file name="$USER_HOME$/repositories/work/clova/local/NOZZLE-API-SERVER/tests/conftest.py" timestamp="1553673076615">
        <mark key="[" line="25" column="45" />
        <mark key="]" line="25" column="49" />
        <mark key="^" line="25" column="49" />
        <mark key="." line="25" column="49" />
      </file>
      <file name="$USER_HOME$/repositories/work/clova/release/MusicDemo/static/src/components/utils/LineMusicResultCopyButton.tsx" timestamp="1548830274227">
        <mark key="[" line="79" column="0" />
        <mark key="]" line="79" column="0" />
        <mark key="^" line="62" column="40" />
        <mark key="." line="79" column="0" />
      </file>
      <file name="$USER_HOME$/repositories/work/clova/release/MusicDemo/static/public/search.html" timestamp="1548829705210">
        <mark key="[" line="5" column="112" />
      </file>
      <file name="/Dummy.txt" timestamp="1552285638321">
        <mark key="[" line="0" column="0" />
      </file>
      <file name="$USER_HOME$/repositories/work/clova/release/MusicDemo/static/src/components/demo/JpOldNewComparisonBySeedView.tsx" timestamp="1548830254307">
        <mark key="[" line="130" column="0" />
        <mark key="]" line="130" column="0" />
        <mark key="^" line="129" column="60" />
        <mark key="." line="130" column="0" />
      </file>
      <file name="$USER_HOME$/repositories/work/clova/local/NOZZLE-API-SERVER/testing.conf.yml" timestamp="1539156649726">
        <mark key="[" line="11" column="46" />
        <mark key="]" line="11" column="49" />
        <mark key="." line="11" column="49" />
        <mark key="^" line="11" column="49" />
      </file>
      <file name="$USER_HOME$/repositories/work/clova/release/MusicDemo/static/src/components/NmComparisonApp.tsx" timestamp="1548757060106">
        <mark key="[" line="13" column="39" />
        <mark key="]" line="13" column="39" />
        <mark key="^" line="13" column="39" />
        <mark key="." line="13" column="39" />
      </file>
      <file name="$USER_HOME$/repositories/work/clova/local/NOZZLE-API-SERVER/delegate/naver/delegate_assembler.py" timestamp="1527586509470">
        <mark key="[" line="66" column="16" />
      </file>
      <file name="$USER_HOME$/repositories/work/clova/release/MusicDemo/application/views.py" timestamp="1552286280015">
        <mark key="[" line="101" column="33" />
        <mark key="]" line="102" column="36" />
        <mark key="^" line="102" column="36" />
        <mark key="." line="102" column="36" />
      </file>
      <file name="$USER_HOME$/repositories/work/clova/local/NOZZLE-API-SERVER/deploy/supervisord/nozzle.real.ini" timestamp="1563526722972">
        <mark key="[" line="2" column="26" />
        <mark key="]" line="2" column="34" />
        <mark key="." line="2" column="34" />
        <mark key="^" line="2" column="34" />
      </file>
      <file name="$USER_HOME$/repositories/work/clova/local/NOZZLE-API-SERVER/nozzle/scripts.py" timestamp="1550577148889">
        <mark key="[" line="40" column="22" />
        <mark key="]" line="40" column="26" />
        <mark key="^" line="40" column="26" />
        <mark key="." line="40" column="26" />
      </file>
      <file name="$USER_HOME$/repositories/work/clova/local/NOZZLE-API-SERVER/api/request_plugin.py" timestamp="1536912347017">
        <mark key="[" line="125" column="21" />
        <mark key="]" line="125" column="17" />
        <mark key="^" line="125" column="17" />
        <mark key="." line="125" column="17" />
      </file>
      <file name="$USER_HOME$/repositories/work/clova/release/MusicDemo/application/datamodels.py" timestamp="1548764331575">
        <mark key="[" line="106" column="38" />
        <mark key="]" line="106" column="41" />
        <mark key="." line="106" column="41" />
        <mark key="^" line="106" column="41" />
      </file>
      <file name="$USER_HOME$/repositories/work/clova/release/MusicDemo/static/src/components/demo/QueryArea.tsx" timestamp="1548839639598">
        <mark key="[" line="192" column="61" />
        <mark key="]" line="192" column="65" />
        <mark key="." line="192" column="65" />
        <mark key="^" line="192" column="65" />
      </file>
      <file name="$USER_HOME$/repositories/work/clova/release/MusicDemo/static/src/components/demo/KrOldNewComparisonView.tsx" timestamp="1548826902021">
        <mark key="[" line="95" column="0" />
        <mark key="]" line="95" column="0" />
        <mark key="." line="95" column="0" />
        <mark key="^" line="52" column="17" />
      </file>
      <file name="$USER_HOME$/repositories/work/clova/release/MusicDemo/static/public/nm-comparison.html" timestamp="1548829598072">
        <mark key="[" line="5" column="112" />
        <mark key="]" line="6" column="38" />
        <mark key="^" line="6" column="38" />
        <mark key="." line="6" column="38" />
      </file>
      <file name="$USER_HOME$/repositories/work/clova/local/NOZZLE-API-SERVER/api/kr/catalog.py" timestamp="1553673742028">
        <mark key="'" line="55" column="37" />
        <mark key="[" line="28" column="40" />
        <mark key="]" line="28" column="40" />
        <mark key="." line="28" column="40" />
      </file>
      <file name="$USER_HOME$/repositories/work/clova/local/NOZZLE-API-SERVER/core/kr/logger.py" timestamp="1539155859550">
        <mark key="[" line="90" column="30" />
        <mark key="]" line="91" column="15" />
        <mark key="." line="91" column="15" />
        <mark key="^" line="91" column="15" />
      </file>
    </filemarks>
    <jumps>
      <jump line="920" column="41" filename="$USER_HOME$/repositories/work/clova/local/NOZZLE-API-SERVER/cek/kr/handlers/impl.py" />
      <jump line="66" column="0" filename="$USER_HOME$/repositories/work/clova/local/NOZZLE-API-SERVER/cek/kr/handlers/__init__.py" />
      <jump line="336" column="24" filename="$USER_HOME$/repositories/work/clova/local/NOZZLE-API-SERVER/cek/kr/handlers/__init__.py" />
      <jump line="133" column="31" filename="$USER_HOME$/repositories/work/clova/local/NOZZLE-API-SERVER/cek/kr/handlers/__init__.py" />
      <jump line="282" column="34" filename="$USER_HOME$/repositories/work/clova/local/NOZZLE-API-SERVER/cek/kr/handlers/__init__.py" />
      <jump line="134" column="29" filename="$USER_HOME$/repositories/work/clova/local/NOZZLE-API-SERVER/cek/kr/handlers/__init__.py" />
      <jump line="227" column="0" filename="$USER_HOME$/repositories/work/clova/local/NOZZLE-API-SERVER/cek/kr/handlers/impl.py" />
      <jump line="154" column="11" filename="$USER_HOME$/repositories/work/clova/local/NOZZLE-API-SERVER/cek/kr/handlers/impl.py" />
      <jump line="248" column="48" filename="$USER_HOME$/repositories/work/clova/local/NOZZLE-API-SERVER/cek/kr/handlers/__init__.py" />
      <jump line="293" column="0" filename="$USER_HOME$/repositories/work/clova/local/NOZZLE-API-SERVER/cek/kr/handlers/impl.py" />
      <jump line="55" column="8" filename="$USER_HOME$/repositories/work/clova/local/NOZZLE-API-SERVER/core/concierge.py" />
      <jump line="113" column="36" filename="$USER_HOME$/repositories/work/clova/local/NOZZLE-API-SERVER/core/playlist.py" />
      <jump line="30" column="11" filename="$USER_HOME$/repositories/work/clova/local/NOZZLE-API-SERVER/core/playlist.py" />
      <jump line="99" column="16" filename="$USER_HOME$/repositories/work/clova/local/NOZZLE-API-SERVER/core/playlist.py" />
      <jump line="329" column="40" filename="$USER_HOME$/repositories/work/clova/local/NOZZLE-API-SERVER/core/delegate.py" />
      <jump line="95" column="22" filename="$USER_HOME$/repositories/work/clova/local/NOZZLE-API-SERVER/core/playlist.py" />
      <jump line="26" column="16" filename="$USER_HOME$/repositories/work/clova/local/NOZZLE-API-SERVER/core/delegate.py" />
      <jump line="137" column="0" filename="$USER_HOME$/repositories/work/clova/local/NOZZLE-API-SERVER/core/concierge.py" />
      <jump line="214" column="29" filename="$USER_HOME$/repositories/work/clova/local/NOZZLE-API-SERVER/core/concierge.py" />
      <jump line="306" column="15" filename="$USER_HOME$/repositories/work/clova/local/NOZZLE-API-SERVER/core/concierge.py" />
      <jump line="292" column="25" filename="$USER_HOME$/repositories/work/clova/local/NOZZLE-API-SERVER/core/concierge.py" />
      <jump line="42" column="0" filename="$USER_HOME$/repositories/work/clova/local/NOZZLE-API-SERVER/core/concierge.py" />
      <jump line="94" column="27" filename="$USER_HOME$/repositories/work/clova/local/NOZZLE-API-SERVER/core/concierge.py" />
      <jump line="95" column="0" filename="$USER_HOME$/repositories/work/clova/local/NOZZLE-API-SERVER/core/concierge.py" />
      <jump line="76" column="30" filename="$USER_HOME$/repositories/work/clova/local/NOZZLE-API-SERVER/core/playlist.py" />
      <jump line="100" column="25" filename="$USER_HOME$/repositories/work/clova/local/NOZZLE-API-SERVER/core/query.py" />
      <jump line="1496" column="34" filename="$USER_HOME$/repositories/work/clova/local/NOZZLE-API-SERVER/cek/kr/handlers/impl.py" />
      <jump line="139" column="44" filename="$USER_HOME$/repositories/work/clova/local/NOZZLE-API-SERVER/core/delegate.py" />
      <jump line="248" column="0" filename="$USER_HOME$/repositories/work/clova/local/NOZZLE-API-SERVER/delegate/naver/delegate.py" />
      <jump line="647" column="30" filename="$USER_HOME$/repositories/work/clova/local/NOZZLE-API-SERVER/delegate/naver/seed.py" />
      <jump line="880" column="0" filename="$USER_HOME$/repositories/work/clova/local/NOZZLE-API-SERVER/cek/kr/handlers/impl.py" />
      <jump line="120" column="29" filename="$USER_HOME$/repositories/work/clova/local/NOZZLE-API-SERVER/core/delegate.py" />
      <jump line="149" column="23" filename="$USER_HOME$/repositories/work/clova/local/NOZZLE-API-SERVER/core/delegate.py" />
      <jump line="137" column="40" filename="$USER_HOME$/repositories/work/clova/local/NOZZLE-API-SERVER/core/delegate.py" />
      <jump line="90" column="76" filename="$USER_HOME$/repositories/work/clova/local/NOZZLE-API-SERVER/core/kr/transform/rule.py" />
      <jump line="164" column="28" filename="$USER_HOME$/repositories/work/clova/local/NOZZLE-API-SERVER/core/delegate.py" />
      <jump line="206" column="55" filename="$USER_HOME$/repositories/work/clova/local/NOZZLE-API-SERVER/core/delegate.py" />
      <jump line="115" column="32" filename="$USER_HOME$/repositories/work/clova/local/NOZZLE-API-SERVER/core/catalog/nozzle.py" />
      <jump line="107" column="0" filename="$USER_HOME$/repositories/work/clova/local/NOZZLE-API-SERVER/core/catalog/nozzle.py" />
      <jump line="116" column="0" filename="$USER_HOME$/repositories/work/clova/local/NOZZLE-API-SERVER/core/delegate.py" />
      <jump line="60" column="73" filename="$USER_HOME$/repositories/work/clova/local/NOZZLE-API-SERVER/core/recommendation.py" />
      <jump line="22" column="0" filename="$USER_HOME$/repositories/work/clova/local/NOZZLE-API-SERVER/core/recommendation.py" />
      <jump line="0" column="0" filename="$USER_HOME$/repositories/work/clova/local/NOZZLE-API-SERVER/core/delegate.py" />
      <jump line="446" column="29" filename="$USER_HOME$/repositories/work/clova/local/NOZZLE-API-SERVER/core/delegate.py" />
      <jump line="27" column="0" filename="$USER_HOME$/repositories/work/clova/local/NOZZLE-API-SERVER/core/recommendation.py" />
      <jump line="53" column="14" filename="$USER_HOME$/repositories/work/clova/local/NOZZLE-API-SERVER/core/delegate.py" />
      <jump line="23" column="6" filename="$USER_HOME$/repositories/work/clova/local/NOZZLE-API-SERVER/core/recommendation.py" />
      <jump line="60" column="76" filename="$USER_HOME$/repositories/work/clova/local/NOZZLE-API-SERVER/delegate/naver/delegate.py" />
      <jump line="57" column="15" filename="$USER_HOME$/repositories/work/clova/local/NOZZLE-API-SERVER/core/recommendation.py" />
      <jump line="18" column="0" filename="$USER_HOME$/repositories/work/clova/local/NOZZLE-API-SERVER/core/recommendation.py" />
      <jump line="78" column="8" filename="$USER_HOME$/repositories/work/clova/local/NOZZLE-API-SERVER/core/recommendation.py" />
      <jump line="62" column="48" filename="$USER_HOME$/repositories/work/clova/local/NOZZLE-API-SERVER/core/concierge.py" />
      <jump line="59" column="8" filename="$USER_HOME$/repositories/work/clova/local/NOZZLE-API-SERVER/core/concierge.py" />
      <jump line="44" column="0" filename="$USER_HOME$/repositories/work/clova/local/NOZZLE-API-SERVER/core/concierge.py" />
      <jump line="175" column="8" filename="$USER_HOME$/repositories/work/clova/local/NOZZLE-API-SERVER/core/concierge.py" />
      <jump line="29" column="33" filename="$USER_HOME$/repositories/work/clova/local/NOZZLE-API-SERVER/core/query.py" />
      <jump line="200" column="10" filename="$USER_HOME$/repositories/work/clova/local/NOZZLE-API-SERVER/api/tap.py" />
      <jump line="18" column="23" filename="$USER_HOME$/repositories/work/clova/local/NOZZLE-API-SERVER/core/concierge.py" />
      <jump line="123" column="0" filename="$USER_HOME$/repositories/work/clova/local/NOZZLE-API-SERVER/core/concierge.py" />
      <jump line="160" column="3" filename="$USER_HOME$/repositories/work/clova/local/NOZZLE-API-SERVER/core/concierge.py" />
      <jump line="178" column="0" filename="$USER_HOME$/repositories/work/clova/local/NOZZLE-API-SERVER/core/platform.py" />
      <jump line="1707" column="0" filename="$USER_HOME$/repositories/work/clova/local/NOZZLE-API-SERVER/cek/kr/handlers/impl.py" />
      <jump line="1280" column="25" filename="$USER_HOME$/repositories/work/clova/local/NOZZLE-API-SERVER/cek/kr/handlers/impl.py" />
      <jump line="1149" column="39" filename="$USER_HOME$/repositories/work/clova/local/NOZZLE-API-SERVER/cek/kr/handlers/impl.py" />
      <jump line="8" column="0" filename="$USER_HOME$/repositories/work/clova/local/NOZZLE-API-SERVER/core/platform.py" />
      <jump line="241" column="4" filename="$USER_HOME$/repositories/work/clova/local/NOZZLE-API-SERVER/core/platform.py" />
      <jump line="0" column="0" filename="$USER_HOME$/repositories/work/clova/local/NOZZLE-API-SERVER/core/platform.py" />
      <jump line="315" column="36" filename="$USER_HOME$/repositories/work/clova/local/NOZZLE-API-SERVER/cek/kr/handlers/impl.py" />
      <jump line="220" column="22" filename="$USER_HOME$/repositories/work/clova/local/NOZZLE-API-SERVER/cek/kr/handlers/impl.py" />
      <jump line="976" column="8" filename="$USER_HOME$/repositories/work/clova/local/NOZZLE-API-SERVER/cek/kr/handlers/impl.py" />
      <jump line="33" column="9" filename="$USER_HOME$/repositories/work/clova/local/NOZZLE-API-SERVER/testing.conf.yml" />
      <jump line="144" column="53" filename="$USER_HOME$/repositories/work/clova/local/NOZZLE-API-SERVER/delegate/naver/apis/music_api.py" />
      <jump line="46" column="9" filename="$USER_HOME$/repositories/work/clova/local/NOZZLE-API-SERVER/deploy/stage.conf.yml" />
      <jump line="0" column="0" filename="$USER_HOME$/repositories/work/clova/local/NOZZLE-API-SERVER/deploy/stage.conf.yml" />
      <jump line="1345" column="15" filename="$USER_HOME$/repositories/work/clova/local/NOZZLE-API-SERVER/cek/kr/handlers/impl.py" />
      <jump line="816" column="25" filename="$USER_HOME$/repositories/work/clova/local/NOZZLE-API-SERVER/cek/kr/handlers/impl.py" />
      <jump line="1196" column="16" filename="$USER_HOME$/repositories/work/clova/local/NOZZLE-API-SERVER/cek/kr/handlers/impl.py" />
      <jump line="122" column="3" filename="$USER_HOME$/repositories/work/clova/local/NOZZLE-API-SERVER/core/content_exception.py" />
      <jump line="66" column="0" filename="$USER_HOME$/repositories/work/clova/local/NOZZLE-API-SERVER/cek/handlers/impl.py" />
      <jump line="983" column="19" filename="$USER_HOME$/repositories/work/clova/local/NOZZLE-API-SERVER/cek/handlers/impl.py" />
      <jump line="47" column="36" filename="$USER_HOME$/repositories/work/clova/local/NOZZLE-API-SERVER/cek/handlers/impl.py" />
      <jump line="1521" column="33" filename="$USER_HOME$/repositories/work/clova/local/NOZZLE-API-SERVER/cek/handlers/impl.py" />
      <jump line="354" column="13" filename="$USER_HOME$/repositories/work/clova/local/NOZZLE-API-SERVER/cek/handlers/impl.py" />
      <jump line="1252" column="36" filename="$USER_HOME$/repositories/work/clova/local/NOZZLE-API-SERVER/cek/handlers/impl.py" />
      <jump line="452" column="0" filename="$USER_HOME$/repositories/work/clova/local/NOZZLE-API-SERVER/cek/handlers/impl.py" />
      <jump line="842" column="32" filename="$USER_HOME$/repositories/work/clova/local/NOZZLE-API-SERVER/cek/handlers/impl.py" />
      <jump line="310" column="38" filename="$USER_HOME$/repositories/work/clova/local/NOZZLE-API-SERVER/api/kr/catalog.py" />
      <jump line="441" column="33" filename="$USER_HOME$/repositories/work/clova/local/NOZZLE-API-SERVER/cek/handlers/impl.py" />
      <jump line="270" column="85" filename="$USER_HOME$/repositories/work/clova/local/NOZZLE-API-SERVER/delegate/naver/apis/search_module.py" />
      <jump line="302" column="46" filename="$USER_HOME$/repositories/work/clova/local/NOZZLE-API-SERVER/cek/handlers/impl.py" />
      <jump line="292" column="51" filename="$USER_HOME$/repositories/work/clova/local/NOZZLE-API-SERVER/delegate/naver/apis/search_module.py" />
      <jump line="514" column="102" filename="$USER_HOME$/repositories/work/clova/local/NOZZLE-API-SERVER/cek/handlers/impl.py" />
      <jump line="1647" column="60" filename="$USER_HOME$/repositories/work/clova/local/NOZZLE-API-SERVER/cek/handlers/impl.py" />
      <jump line="61" column="37" filename="$USER_HOME$/repositories/work/clova/local/NOZZLE-API-SERVER/delegate/naver/delegate.py" />
      <jump line="98" column="0" filename="$USER_HOME$/repositories/work/clova/release/MusicDemo/application/datamodels.py" />
      <jump line="104" column="0" filename="$USER_HOME$/repositories/work/clova/release/MusicDemo/application/views.py" />
      <jump line="104" column="4" filename="$USER_HOME$/repositories/work/clova/release/MusicDemo/application/datamodels.py" />
      <jump line="121" column="8" filename="$USER_HOME$/repositories/work/clova/release/MusicDemo/application/views.py" />
      <jump line="83" column="11" filename="$USER_HOME$/repositories/work/clova/local/NOZZLE-API-SERVER/api/kr/catalog.py" />
      <jump line="55" column="37" filename="$USER_HOME$/repositories/work/clova/local/NOZZLE-API-SERVER/api/kr/catalog.py" />
    </jumps>
    <registers>
      <register name="&quot;" type="4">
        <text>deploy</text>
      </register>
      <register name="-" type="4">
        <text>deploy</text>
      </register>
      <register name="/" type="4">
        <text encoding="base64">XDxpZlw+</text>
      </register>
      <register name="0" type="2">
        <text encoding="base64">ICAgICAgICB0b2tlbl9ib2R5ID0gdG9rZW4uc3BsaXQoIjoiKVswXQogICAgICAgIHRva2VuX2JvZHkgPSB0b2tlbl9ib2R5LnNwbGl0KCcvJylbMF0K</text>
      </register>
      <register name="1" type="4">
        <text>deploy
u</text>
      </register>
      <register name="2" type="2">
        <text encoding="base64">c3Rkb3V0X2xvZ2ZpbGU9L2hvbWUxL2lydGVhbS9sb2dzL25venpsZS5sb2cKc3Rkb3V0X2xvZ2ZpbGVfbWF4Ynl0ZXM9MTBNQgpzdGRvdXRfbG9nZmlsZV9iYWNrdXBzPTUK</text>
      </register>
      <register name="3" type="2">
        <text encoding="base64">ICAgICAgICByYWNrX2lkLgo=</text>
      </register>
      <register name="4" type="2">
        <text encoding="base64">ICAgICAgICBpZiAiVkIiIGluIHRyYWNrX2lkOgogICAgICAgICAgICAK</text>
      </register>
      <register name="5" type="2">
        <text encoding="base64">ICAgIHByaW50KCcyJykKICAgIGxvZy5lcnJvcigiMiIpCg==</text>
      </register>
      <register name="u" type="4">
        <keys>
          <key char="65535" code="27" mods="0" />
          <key char="65535" code="27" mods="0" />
          <key char="108" code="0" mods="0" />
          <key char="118" code="0" mods="0" />
          <key char="98" code="0" mods="0" />
          <key char="120" code="0" mods="0" />
          <key char="105" code="0" mods="0" />
          <key char="113" code="0" mods="0" />
          <key char="117" code="0" mods="0" />
          <key char="101" code="0" mods="0" />
          <key char="114" code="0" mods="0" />
          <key char="121" code="0" mods="0" />
          <key char="95" code="0" mods="0" />
          <key char="41" code="0" mods="0" />
          <key char="116" code="0" mods="0" />
          <key char="65535" code="8" mods="0" />
          <key char="116" code="0" mods="0" />
          <key char="111" code="0" mods="0" />
          <key char="95" code="0" mods="0" />
          <key char="97" code="0" mods="0" />
          <key char="100" code="0" mods="0" />
          <key char="100" code="0" mods="0" />
          <key char="114" code="0" mods="0" />
          <key char="101" code="0" mods="0" />
          <key char="103" code="0" mods="0" />
          <key char="65535" code="8" mods="0" />
          <key char="65535" code="8" mods="0" />
          <key char="65535" code="8" mods="0" />
          <key char="65535" code="8" mods="0" />
          <key char="65535" code="8" mods="0" />
          <key char="103" code="0" mods="0" />
          <key char="103" code="0" mods="0" />
          <key char="102" code="0" mods="0" />
          <key char="65535" code="8" mods="0" />
          <key char="114" code="0" mods="0" />
          <key char="101" code="0" mods="0" />
          <key char="103" code="0" mods="0" />
          <key char="97" code="0" mods="0" />
          <key char="116" code="0" mods="0" />
          <key char="105" code="0" mods="0" />
          <key char="111" code="0" mods="0" />
          <key char="110" code="0" mods="0" />
          <key char="65535" code="27" mods="0" />
          <key char="120" code="0" mods="0" />
          <key char="97" code="0" mods="0" />
          <key char="113" code="0" mods="0" />
          <key char="117" code="0" mods="0" />
          <key char="101" code="0" mods="0" />
          <key char="114" code="0" mods="0" />
          <key char="121" code="0" mods="0" />
          <key char="95" code="0" mods="0" />
          <key char="116" code="0" mods="0" />
          <key char="111" code="0" mods="0" />
          <key char="112" code="0" mods="0" />
          <key char="65535" code="8" mods="0" />
          <key char="65535" code="8" mods="0" />
          <key char="65535" code="8" mods="0" />
          <key char="65535" code="27" mods="0" />
          <key char="120" code="0" mods="0" />
          <key char="100" code="0" mods="0" />
          <key char="100" code="0" mods="0" />
          <key char="65535" code="27" mods="0" />
          <key char="107" code="0" mods="0" />
          <key char="100" code="0" mods="0" />
          <key char="100" code="0" mods="0" />
          <key char="107" code="0" mods="0" />
          <key char="111" code="0" mods="0" />
          <key char="113" code="0" mods="0" />
          <key char="117" code="0" mods="0" />
          <key char="101" code="0" mods="0" />
          <key char="114" code="0" mods="0" />
          <key char="121" code="0" mods="0" />
          <key char="95" code="0" mods="0" />
          <key char="116" code="0" mods="0" />
          <key char="111" code="0" mods="0" />
          <key char="65535" code="27" mods="0" />
          <key char="97" code="0" mods="0" />
          <key char="120" code="0" mods="0" />
          <key char="97" code="0" mods="0" />
          <key char="65535" code="27" mods="0" />
          <key char="65535" code="27" mods="0" />
          <key char="104" code="0" mods="0" />
          <key char="108" code="0" mods="0" />
          <key char="108" code="0" mods="0" />
          <key char="97" code="0" mods="0" />
          <key char="97" code="0" mods="0" />
          <key char="119" code="0" mods="0" />
          <key char="97" code="0" mods="0" />
          <key char="105" code="0" mods="0" />
          <key char="116" code="0" mods="0" />
          <key char="32" code="0" mods="0" />
          <key char="40" code="0" mods="0" />
          <key char="117" code="0" mods="0" />
          <key char="113" code="0" mods="0" />
          <key char="65535" code="8" mods="0" />
          <key char="65535" code="8" mods="0" />
          <key char="117" code="0" mods="0" />
          <key char="113" code="0" mods="0" />
          <key char="65535" code="8" mods="0" />
          <key char="65535" code="8" mods="0" />
          <key char="113" code="0" mods="0" />
          <key char="117" code="0" mods="0" />
          <key char="101" code="0" mods="0" />
          <key char="114" code="0" mods="0" />
          <key char="121" code="0" mods="0" />
          <key char="44" code="0" mods="0" />
          <key char="32" code="0" mods="0" />
          <key char="99" code="0" mods="0" />
          <key char="111" code="0" mods="0" />
          <key char="110" code="0" mods="0" />
          <key char="116" code="0" mods="0" />
          <key char="101" code="0" mods="0" />
          <key char="120" code="0" mods="0" />
          <key char="116" code="0" mods="0" />
          <key char="41" code="0" mods="0" />
          <key char="65535" code="27" mods="0" />
          <key char="94" code="0" mods="0" />
          <key char="108" code="0" mods="0" />
          <key char="108" code="0" mods="0" />
          <key char="108" code="0" mods="0" />
          <key char="108" code="0" mods="0" />
          <key char="108" code="0" mods="0" />
          <key char="65535" code="27" mods="0" />
          <key char="117" code="0" mods="0" />
          <key char="65535" code="10" mods="0" />
          <key char="65535" code="27" mods="0" />
          <key char="107" code="0" mods="0" />
          <key char="104" code="0" mods="0" />
          <key char="119" code="0" mods="0" />
          <key char="105" code="0" mods="0" />
          <key char="97" code="0" mods="0" />
          <key char="103" code="0" mods="0" />
          <key char="103" code="0" mods="0" />
          <key char="114" code="0" mods="0" />
          <key char="101" code="0" mods="0" />
          <key char="103" code="0" mods="0" />
          <key char="97" code="0" mods="0" />
          <key char="116" code="0" mods="0" />
          <key char="105" code="0" mods="0" />
          <key char="111" code="0" mods="0" />
          <key char="110" code="0" mods="0" />
          <key char="115" code="0" mods="0" />
          <key char="32" code="0" mods="0" />
          <key char="61" code="0" mods="0" />
          <key char="32" code="0" mods="0" />
          <key char="65535" code="27" mods="0" />
          <key char="111" code="0" mods="0" />
          <key char="97" code="0" mods="0" />
          <key char="115" code="0" mods="0" />
          <key char="115" code="0" mods="0" />
          <key char="101" code="0" mods="0" />
          <key char="114" code="0" mods="0" />
          <key char="116" code="0" mods="0" />
          <key char="32" code="0" mods="0" />
          <key char="97" code="0" mods="0" />
          <key char="103" code="0" mods="0" />
          <key char="103" code="0" mods="0" />
          <key char="65535" code="10" mods="0" />
          <key char="114" code="0" mods="0" />
          <key char="101" code="0" mods="0" />
          <key char="114" code="0" mods="0" />
          <key char="101" code="0" mods="0" />
          <key char="116" code="0" mods="0" />
          <key char="117" code="0" mods="0" />
          <key char="114" code="0" mods="0" />
          <key char="110" code="0" mods="0" />
          <key char="32" code="0" mods="0" />
          <key char="65535" code="8" mods="0" />
          <key char="65535" code="8" mods="0" />
          <key char="65535" code="8" mods="0" />
          <key char="65535" code="8" mods="0" />
          <key char="65535" code="8" mods="0" />
          <key char="65535" code="8" mods="0" />
          <key char="65535" code="8" mods="0" />
          <key char="116" code="0" mods="0" />
          <key char="114" code="0" mods="0" />
          <key char="97" code="0" mods="0" />
          <key char="99" code="0" mods="0" />
          <key char="107" code="0" mods="0" />
          <key char="115" code="0" mods="0" />
          <key char="32" code="0" mods="0" />
          <key char="61" code="0" mods="0" />
          <key char="32" code="0" mods="0" />
          <key char="99" code="0" mods="0" />
          <key char="111" code="0" mods="0" />
          <key char="115" code="0" mods="0" />
          <key char="101" code="0" mods="0" />
          <key char="108" code="0" mods="0" />
          <key char="102" code="0" mods="0" />
          <key char="65535" code="27" mods="0" />
          <key char="107" code="0" mods="0" />
          <key char="107" code="0" mods="0" />
          <key char="119" code="0" mods="0" />
          <key char="119" code="0" mods="0" />
          <key char="119" code="0" mods="0" />
          <key char="105" code="0" mods="0" />
          <key char="115" code="0" mods="0" />
          <key char="101" code="0" mods="0" />
          <key char="108" code="0" mods="0" />
          <key char="102" code="0" mods="0" />
          <key char="46" code="0" mods="0" />
          <key char="65535" code="27" mods="0" />
          <key char="106" code="0" mods="0" />
          <key char="106" code="0" mods="0" />
          <key char="97" code="0" mods="0" />
          <key char="46" code="0" mods="0" />
          <key char="120" code="0" mods="0" />
          <key char="113" code="0" mods="0" />
          <key char="117" code="0" mods="0" />
          <key char="101" code="0" mods="0" />
          <key char="114" code="0" mods="0" />
          <key char="121" code="0" mods="0" />
          <key char="65535" code="27" mods="0" />
          <key char="106" code="0" mods="0" />
          <key char="106" code="0" mods="0" />
          <key char="105" code="0" mods="0" />
          <key char="65535" code="27" mods="0" />
          <key char="86" code="0" mods="0" />
          <key char="120" code="0" mods="0" />
          <key char="107" code="0" mods="0" />
          <key char="112" code="0" mods="0" />
          <key char="65535" code="27" mods="0" />
          <key char="105" code="0" mods="0" />
          <key char="97" code="0" mods="0" />
          <key char="103" code="0" mods="0" />
          <key char="44" code="0" mods="0" />
          <key char="32" code="0" mods="0" />
          <key char="99" code="0" mods="0" />
          <key char="111" code="0" mods="0" />
          <key char="110" code="0" mods="0" />
          <key char="116" code="0" mods="0" />
          <key char="101" code="0" mods="0" />
          <key char="120" code="0" mods="0" />
          <key char="116" code="0" mods="0" />
          <key char="65535" code="27" mods="0" />
          <key char="58" code="0" mods="0" />
          <key char="119" code="0" mods="0" />
          <key char="65535" code="10" mods="0" />
          <key char="107" code="0" mods="0" />
          <key char="86" code="0" mods="0" />
          <key char="120" code="0" mods="0" />
          <key char="107" code="0" mods="0" />
          <key char="112" code="0" mods="0" />
          <key char="65535" code="27" mods="0" />
          <key char="107" code="0" mods="0" />
          <key char="107" code="0" mods="0" />
          <key char="104" code="0" mods="0" />
          <key char="108" code="0" mods="0" />
          <key char="36" code="0" mods="0" />
          <key char="104" code="0" mods="0" />
          <key char="98" code="0" mods="0" />
          <key char="118" code="0" mods="0" />
          <key char="108" code="0" mods="0" />
          <key char="108" code="0" mods="0" />
          <key char="120" code="0" mods="0" />
          <key char="106" code="0" mods="0" />
          <key char="100" code="0" mods="0" />
          <key char="100" code="0" mods="0" />
          <key char="107" code="0" mods="0" />
          <key char="111" code="0" mods="0" />
          <key char="114" code="0" mods="0" />
          <key char="101" code="0" mods="0" />
          <key char="116" code="0" mods="0" />
          <key char="117" code="0" mods="0" />
          <key char="114" code="0" mods="0" />
          <key char="110" code="0" mods="0" />
          <key char="32" code="0" mods="0" />
          <key char="116" code="0" mods="0" />
          <key char="114" code="0" mods="0" />
          <key char="97" code="0" mods="0" />
          <key char="65535" code="27" mods="0" />
          <key char="107" code="0" mods="0" />
          <key char="107" code="0" mods="0" />
          <key char="52" code="0" mods="0" />
          <key char="104" code="0" mods="0" />
          <key char="36" code="0" mods="0" />
          <key char="104" code="0" mods="0" />
          <key char="104" code="0" mods="0" />
          <key char="108" code="0" mods="0" />
          <key char="118" code="0" mods="0" />
          <key char="98" code="0" mods="0" />
          <key char="98" code="0" mods="0" />
          <key char="98" code="0" mods="0" />
          <key char="86" code="0" mods="0" />
          <key char="120" code="0" mods="0" />
          <key char="107" code="0" mods="0" />
          <key char="112" code="0" mods="0" />
          <key char="106" code="0" mods="0" />
          <key char="86" code="0" mods="0" />
          <key char="106" code="0" mods="0" />
          <key char="106" code="0" mods="0" />
          <key char="106" code="0" mods="0" />
          <key char="106" code="0" mods="0" />
          <key char="106" code="0" mods="0" />
          <key char="106" code="0" mods="0" />
          <key char="106" code="0" mods="0" />
          <key char="120" code="0" mods="0" />
          <key char="112" code="0" mods="0" />
          <key char="107" code="0" mods="0" />
          <key char="100" code="0" mods="0" />
          <key char="100" code="0" mods="0" />
          <key char="65535" code="27" mods="0" />
          <key char="107" code="0" mods="0" />
          <key char="106" code="0" mods="0" />
          <key char="106" code="0" mods="0" />
          <key char="106" code="0" mods="0" />
          <key char="106" code="0" mods="0" />
          <key char="106" code="0" mods="0" />
          <key char="106" code="0" mods="0" />
          <key char="106" code="0" mods="0" />
          <key char="106" code="0" mods="0" />
          <key char="111" code="0" mods="0" />
          <key char="65535" code="27" mods="0" />
          <key char="105" code="0" mods="0" />
          <key char="32" code="0" mods="0" />
          <key char="45" code="0" mods="0" />
          <key char="62" code="0" mods="0" />
          <key char="32" code="0" mods="0" />
          <key char="76" code="0" mods="0" />
          <key char="105" code="0" mods="0" />
          <key char="115" code="0" mods="0" />
          <key char="116" code="0" mods="0" />
          <key char="91" code="0" mods="0" />
          <key char="73" code="0" mods="0" />
          <key char="100" code="0" mods="0" />
          <key char="84" code="0" mods="0" />
          <key char="114" code="0" mods="0" />
          <key char="97" code="0" mods="0" />
          <key char="65535" code="27" mods="0" />
          <key char="108" code="0" mods="0" />
          <key char="118" code="0" mods="0" />
          <key char="98" code="0" mods="0" />
          <key char="98" code="0" mods="0" />
          <key char="98" code="0" mods="0" />
          <key char="104" code="0" mods="0" />
          <key char="104" code="0" mods="0" />
          <key char="104" code="0" mods="0" />
          <key char="104" code="0" mods="0" />
          <key char="65535" code="27" mods="0" />
          <key char="65535" code="27" mods="0" />
          <key char="65535" code="27" mods="0" />
          <key char="104" code="0" mods="0" />
          <key char="104" code="0" mods="0" />
          <key char="108" code="0" mods="0" />
          <key char="120" code="0" mods="0" />
          <key char="120" code="0" mods="0" />
          <key char="120" code="0" mods="0" />
          <key char="120" code="0" mods="0" />
          <key char="65535" code="27" mods="0" />
          <key char="99" code="0" mods="0" />
          <key char="65535" code="27" mods="0" />
          <key char="118" code="0" mods="0" />
        </keys>
      </register>
      <register name="6" type="2">
        <text encoding="base64">ICAgIHByaW50KCcxJykKICAgIGxvZy5lcnJvcigiMSIpCg==</text>
      </register>
      <register name="7" type="2">
        <text encoding="base64">ICAgICAgICAgICAgbG9nLmRlYnVnKGYndG9rZW46IHt0b2tlbn0sIHRva2VuX2JvZHk6IHt0b2tlbl9ib2R5fSwgdmFsdWU6IHt2YWx1ZXN9JykK</text>
      </register>
      <register name="8" type="2">
        <text encoding="base64">ICAgICAgICB0b2tlbl9rZXlzID0gW2YndG9rZW4te3Rva2VuX2JvZHl9JyBmb3IgdG9rZW5fYm9keSBpbiB0b2tlbl9ib2RpZXNdCg==</text>
      </register>
      <register name="9" type="2">
        <text encoding="base64">ICAgICAgICAgICAgdAo=</text>
      </register>
      <register name=":" type="4">
        <text>w</text>
      </register>
    </registers>
    <search>
      <last-search encoding="base64">XDxpZlw+</last-search>
      <last-offset />
      <last-pattern encoding="base64">XDxpZlw+</last-pattern>
      <last-replace>\'</last-replace>
      <last-substitute>w</last-substitute>
      <last-dir>-1</last-dir>
      <show-last>false</show-last>
    </search>
    <history>
      <history-search>
        <entry encoding="base64">XDwsXD4=</entry>
        <entry encoding="base64">XDwpXD4=</entry>
        <entry encoding="base64">XDwxXD4=</entry>
        <entry encoding="base64">XDxleUpoYkdjaU9pSlNVekkxTmlJc0luUjVjQ0k2SWtwWFZDSjlcPg==</entry>
        <entry>\&quot;</entry>
        <entry encoding="base64">XDxvdXRwdXRTcGVlY2hcPg==</entry>
        <entry>user</entry>
        <entry encoding="base64">XDxjb25maWdcPg==</entry>
        <entry>m['id_tracks'] = m.pop('track_ids')</entry>
        <entry>return re.sub(r' *\(.+\)</entry>
        <entry encoding="base64">XDxuYW1lXD4=</entry>
        <entry encoding="base64">XDwoXD4=</entry>
        <entry>create_app</entry>
        <entry encoding="base64">XDxwcm9ncmVzc19yZXBvcnRfaW50ZXJ2YWxcPg==</entry>
        <entry encoding="base64">XDxqb2luXD4=</entry>
        <entry encoding="base64">XDxdXD4=</entry>
        <entry encoding="base64">XDxzZWxmXD4=</entry>
        <entry>w</entry>
        <entry>zipkin</entry>
        <entry encoding="base64">XDxpZlw+</entry>
      </history-search>
      <history-cmd>
        <entry>217</entry>
        <entry>104</entry>
        <entry>380</entry>
        <entry>859</entry>
        <entry>617</entry>
        <entry>51</entry>
        <entry encoding="base64">JzwsJz7jhYI=</entry>
        <entry>q</entry>
        <entry>857</entry>
        <entry>776</entry>
        <entry encoding="base64">JzwsJz53</entry>
        <entry>we</entry>
        <entry>1437</entry>
        <entry>99</entry>
        <entry>109</entry>
        <entry>W</entry>
        <entry>w:w</entry>
        <entry>&quot;w</entry>
        <entry>ㅈ</entry>
        <entry>w</entry>
      </history-cmd>
      <history-expr />
      <history-input />
    </history>
    <shortcut-conflicts>
      <shortcut-conflict owner="vim">
        <text>ctrl pressed V</text>
      </shortcut-conflict>
      <shortcut-conflict owner="vim">
        <text>ctrl pressed B</text>
      </shortcut-conflict>
      <shortcut-conflict owner="vim">
        <text>ctrl pressed E</text>
      </shortcut-conflict>
      <shortcut-conflict owner="ide">
        <text>ctrl pressed S</text>
      </shortcut-conflict>
      <shortcut-conflict owner="ide">
        <text>ctrl pressed R</text>
      </shortcut-conflict>
      <shortcut-conflict owner="ide">
        <text>ctrl pressed D</text>
      </shortcut-conflict>
      <shortcut-conflict owner="vim">
        <text>ctrl pressed F</text>
      </shortcut-conflict>
      <shortcut-conflict owner="vim">
        <text>ctrl pressed A</text>
      </shortcut-conflict>
      <shortcut-conflict owner="vim">
        <text>shift ctrl pressed 6</text>
      </shortcut-conflict>
    </shortcut-conflicts>
  </component>
</application>